index,BAL,TBR,BOS,NYY,TOR,MIN,DET,CHW,KCR,CLE,LAA,OAK,TEX,HOU,SEA,LAD,SFG,ARI,COL,SDP,MIL,STL,CHC,CIN,PIT,NYM,WSN,ATL,PHI,MIA
1,3.9,3.9,5.5,3.5,4.3,4.5,3.5,4.6,4.1,3.4,5,3.9,3.8,4.7,4.2,5.7,3.2,4.4,3.9,3.9,4.1,4.7,3.1,5.9,3.9,3.2,3.4,4.3,3.7,4.3
2,4.1,4.2,5.6,3.5,4.2,4.1,3.3,4.6,3.3,3.7,5.1,4.3,3.2,4.3,3.7,5.5,2.8,4.1,3.8,3.7,4,4,3.2,5.7,3.6,3.2,3.2,4.4,3.6,4.7
3,3.8,4.1,5.5,3.4,4,4,3.1,4.1,3,3.9,4.9,4.2,3,3.8,3.9,4.9,2.5,4.3,3.5,3.5,4.2,4.4,3.1,5.3,3.9,3.1,2.9,5.3,3.3,4.5
4,3.5,3.9,6.1,3.4,3.9,4.3,3.1,4.2,3.4,3.5,4.7,4.6,2.9,3.4,3.9,4.7,3.2,4.6,3.5,3.3,4.5,4.5,3.9,4.9,3.9,3,2.9,5.3,3.7,4
5,3.5,4.7,5.6,3.3,3.9,3.4,3,4.5,3.6,3.7,4.5,4.5,2.9,3.3,3.9,4.5,3.3,4.9,3.8,3.3,4.5,4.2,3.8,5.3,3.9,3.1,3.3,5.2,3.7,4.1
6,3.5,4.9,5.4,3.2,4,3.3,2.9,4.7,3.6,3.5,4.1,5.2,2.9,3.3,4.1,4,3.5,5.2,3.6,3.2,4.4,4.3,4.8,4.6,4.1,3.1,3,5.1,3.7,4
7,3.3,4.9,5,3.1,4.1,3.3,2.9,4.1,3.9,3.7,4.3,5.3,3.3,4.1,3.9,3.7,3.6,5.5,3.4,3.1,4.4,3.9,4.9,3.9,3.8,2.7,3.3,4.9,3.7,4.2
8,3.7,4.6,4.9,3,3.9,2.8,2.9,4.4,3.8,3.3,4.4,5.5,3.3,3.8,4.3,3.9,3.5,5.6,3.7,3.2,4.7,4.1,4.6,3.6,4.1,2.5,3.5,4.4,3.7,4.4
9,3.7,4.3,4.7,3.1,4.4,2.9,2.7,4.1,3.7,3.4,4,5.5,3.3,4,4.3,4.3,3.5,5.7,3.7,3.4,4.1,3.8,4.9,3.7,3.9,2.6,3.5,4.6,3.6,4.4
10,3.1,4.1,4.1,2.9,3.5,3.1,2.7,4.1,4.1,3.3,4.2,5.2,3.6,3.9,3.9,3.9,4.1,5.5,3.9,3.2,3.9,3.9,4.9,4.1,3.6,2.8,3.5,4.5,3.3,4.6
11,2.9,4.3,3.9,3.2,4.3,3.6,2.6,4.6,3.7,3.5,3.8,4.9,4,4.3,3.6,4,4.4,5.3,4.1,3.6,3.6,4,4.7,3.9,3.9,2.9,3.3,5,3.4,4.5
12,2.7,4.3,3.8,3.2,4.3,3.7,2.1,4.8,4,3.7,4.3,4.3,3.7,4.1,3.5,4.1,4.4,5.3,4.3,3.3,3.6,3.3,5.1,4.1,3.5,2.8,3.3,4.7,3.6,4
13,2.8,4.3,3.4,3.6,4.4,4.5,1.7,4.7,4.2,3.8,4.3,4.1,3.6,4.5,3.3,3.9,4.3,5.4,4.3,3.8,3.3,3.8,5.5,4.2,3.5,3.1,3.1,4.7,3.7,3.7
14,3.3,4.2,3.6,3.9,4.3,4.6,1.5,4.6,4.4,4.1,3.8,3.7,3.3,4.3,3.7,3.5,4.4,5.1,4.9,3.9,3.7,4.5,5.5,4.4,3.3,3.3,3.1,4.5,3.3,3.4
15,3.3,3.7,3.5,3.8,4.1,4.6,1.7,4.9,4.5,4.5,3.7,3.7,3.7,4.5,3.6,3.1,4.5,5.6,5,3.8,3.5,4.1,5.5,4.2,2.9,3.4,3.5,4.3,3.5,3.2
16,3.2,3.7,3.6,4.1,4.5,4.7,1.7,4.7,4.7,4.4,3.4,3.7,3.9,4.6,3.7,4,5.2,5.7,4.8,3.5,3.3,4.5,5.7,4.1,3,3.5,3.5,4.5,3.7,3.3
17,3.3,3.9,4.3,4.3,5.2,4.9,2.1,4.6,4.2,4.3,3.3,3.9,4.2,4.7,3.5,3.9,5.5,5.3,5.3,3.6,3.5,3.9,5.7,4,2.7,3.3,3.6,3.9,4.1,3.9
18,3.3,4.1,3.9,4.5,5.3,4.5,2.3,4.9,3.6,4.1,3.8,3.7,4.2,4.9,3.5,3.9,5.1,5.1,5.3,3.3,3.3,3.9,5.1,3.8,2.7,3.5,3.7,4.1,3.9,3.7
19,3.4,3.4,4.4,4.4,5.5,4.6,2.6,5,3.3,4.5,4.3,3.9,4.3,5.1,3.5,4.2,5.1,4.8,4.9,3.5,3.1,4,5,4,2.7,3.7,3.4,3.9,3.7,3.9
20,3.7,3.4,4.6,4.3,5.4,4.7,2.7,5,3.3,4.7,4.3,3.3,4.1,5,3.4,4.2,5.4,4,5.1,3.8,3,4,4.2,3.9,2.8,3.7,3.7,4.1,4.2,4.1
21,3.8,3.3,5.1,4.4,5.5,5.1,3,5.7,3.5,4.3,4.3,3.2,3.9,4.4,3.6,5.1,5.1,3.9,4.7,3.7,3.1,4.5,4.3,4.2,2.9,4.1,4.5,4.5,4.2,3.9
22,3.5,3.1,5,4.4,5.7,5,3.5,5.5,3.5,4.3,3.8,3.1,4.4,4.5,3.2,4.8,5.2,3.9,4,4.3,2.9,4.3,4.5,4.6,2.9,4.1,4.3,4.7,4.1,3.7
23,3.4,3.4,4.9,4.3,5.7,4.8,3.7,5.5,3.6,4,3.8,3.3,4.8,4.5,3.3,4.7,5.2,4.1,4.2,4.4,2.9,4.6,4.1,4.7,2.6,3.9,4.3,4.3,4.4,3.7
24,3.4,3.4,4.7,4.1,5.6,4.5,3.9,5.5,3.4,4.1,3.7,3.3,4.6,5,3.2,5,4.6,3.9,3.9,4.5,2.9,4.3,4.3,4.7,2.5,3.7,4.1,4.2,4.6,3.4
25,3.7,3.1,4.7,3.9,5,4.3,3.7,4.8,3.4,3.9,3.5,3.4,4.3,4.8,3.3,5.3,4.4,3.8,4.6,4.1,2.7,4.3,4.9,5.1,2.3,3.6,4.1,3.9,4.3,3.5
26,3.5,3.6,5.1,4.3,5.3,4.3,4.2,4.9,3,3.9,3.2,3.5,4.3,5.5,3.5,5.2,4.3,3.6,5,4.3,2.8,4.3,4.6,4.8,2.7,3.9,4.3,4.1,4.5,3.5
27,4,3.7,5.3,4,5.3,3.8,4.3,5.5,2.9,4,3.7,3.7,4.3,5.3,3.9,5.3,4.5,3.9,5.2,4.4,2.7,4,4.7,4.8,2.4,3.5,4.2,4.3,4.3,3.4
28,3.9,4.3,5.5,3.7,5.3,3.5,4.5,5.7,2.7,3.7,3.8,3.8,4.6,5.5,3.6,5.4,4.7,3.5,4.7,4.5,2.9,3.4,4.9,3.9,2.5,3.3,4.3,4.1,4.6,3.5
29,4,4.7,5.5,4.1,5.7,3.3,4.6,5.3,2.9,3.2,3.7,4,4.2,5.5,3.3,5.7,4.5,3,4.4,4.6,2.7,3.5,4.3,4.2,2.9,3.1,4.4,4.1,4.7,3.6
30,3.7,5.3,5.3,3.7,5.5,3.7,5,5.3,2.9,3.2,4.1,3.9,4.2,5.9,3.2,4.9,4,2.9,4.2,4.7,2.7,3.7,4.1,4.7,3.1,3.1,4.6,4.1,4.5,3.2
31,3.7,5.4,5,3.5,4.9,4.1,5,5.1,3.4,3.3,4.1,3.7,4.1,6.2,3.1,5,4.9,3,3.7,4.7,2.7,3.6,4.7,4.7,3.1,2.9,4.5,4,4.1,3.1
32,3.9,5.5,5.2,3.3,4.9,3.9,4.9,4.8,3.6,3.7,3.8,3.7,3.7,6.1,2.9,4.9,4.6,3.1,3.7,5.7,2.7,3.6,4.3,4.9,3,2.9,4.7,5.1,3.9,3.2
33,4.1,5.9,5.1,3.5,4.9,4.2,4.5,4.5,3.7,3.3,3.2,3.9,3.5,5.7,3.1,5,4.5,2.9,4.2,5.9,3.3,3.6,4.3,4.1,2.9,3.3,4.6,5.4,4,3
34,3.9,5.6,5,3.6,5.1,4.5,4.6,4.5,3.5,3.1,3.5,4.1,3.7,5.5,2.9,5.6,4.3,3.1,3.9,6.2,3.5,3.3,4.3,4.1,2.7,3.6,4.3,5.3,3.6,3.2
35,4,5.9,4.4,3.5,4.9,4.5,4.2,3.6,3.2,3.3,3.9,4.3,4,5.2,2.7,5.3,4.8,3.2,4.1,6.3,3.2,2.9,4.3,4,2.7,3.6,3.3,5.1,3.5,3.7
36,3.9,6.7,4.2,3.3,4.8,4.5,3.7,3.7,3.6,3.2,4.4,4,3.6,5.3,2.8,5.3,4.9,2.9,4.1,6.1,3.1,3.1,4.5,3.5,2.5,4,3.1,5.3,3.6,3.6
37,3.8,6.5,4.7,3.6,5,4.7,3.6,4,3.7,3.1,4.3,4,3.3,5.1,2.7,5.2,4.9,2.4,3.9,5.7,3.5,3,4.5,3.2,2.9,4,3.1,5.3,3.3,3.7
38,4,6.5,4.9,3.7,5.2,4.7,3.5,4,3.7,3.3,4.2,4.2,3.7,5.1,3,5.1,5.2,2.5,3.9,5.7,3.5,3.5,4.9,3.1,3.1,3.7,3.6,5.4,3.2,3.6
39,3.8,7,5.1,3.4,5.3,4.5,3.8,4.1,4.1,3.5,4.5,4.3,3.6,5.3,3.1,4.9,5.8,2.9,3,6.2,3.9,3.8,4.4,3.4,3.1,3.7,3.7,5.4,3.3,3.4
40,3.7,6.7,4.7,3,4.9,4.5,3.6,4.4,4.5,3.5,4.3,4.4,3.5,5.3,2.8,4.7,5.7,3,2.4,6.6,3.9,3.7,4.5,3.4,2.7,3.7,3.5,5.3,3.1,3.1
41,3.2,6.9,4.5,2.7,4.8,4.4,3.7,3.4,4.7,3.5,3.9,4,3.4,5.3,2.6,5.1,5.9,2.9,2.3,6,4,3.7,4.3,3.5,3,3.9,3.5,5,3.2,3.1
42,3.3,6.3,3.9,2.9,4.7,4.5,4.1,3.5,5.5,3.3,4.1,3.9,3.2,5,2.8,5.1,5.5,3,2.1,5.8,3.8,3.7,4.3,3.9,3.2,4.7,3.4,5.3,3.8,3.3
43,3.2,6.1,3.9,2.7,4.6,4.8,3.8,3.6,5.3,4,4.1,3.7,3.2,4.7,3.1,5.4,5.7,3.3,2.5,5.5,4.3,3.6,4.3,4,3.5,4.8,3,5.5,3.3,3.3
44,3.3,5.4,4.3,2.7,4.3,4.7,3.9,4.1,5.1,4,3.9,4.1,3.1,5.1,3.1,5.7,6,3.7,3.2,5.5,4.3,3.2,4.3,3.9,3.6,4.9,2.7,5.4,3.6,3.2
45,3.5,5.4,4.3,2.7,4.3,4.4,3.7,4.3,4.8,4.3,4.5,4.5,3.2,4.7,3.4,5.8,5,3.8,3.5,5.5,4.5,3.3,3.7,3.8,3.6,5,3.2,5.7,4.4,3.3
46,4.1,5,4.1,2.7,4.5,4.3,3.4,4.3,4.7,4.1,4.5,4.8,3.5,4.7,3.5,5.8,5.1,3.7,3.3,4.6,4.4,3.3,3.9,4,3.7,5.1,2.9,4.5,4.5,3.1
47,4.4,4.6,3.7,2.6,4.1,4.1,3.6,4.3,4.6,4.3,4.9,4.7,3.5,4.9,3.5,5.7,5.5,4,3,4.2,4.1,3.7,4,4,3.7,4.4,3,4.3,4.5,3.1
48,4.3,4.9,3.5,2.8,4,3.9,3.7,3.9,4.9,4.6,5.1,4.3,3.1,5.3,4,5.1,5.4,3.6,2.9,3.7,4,3.7,4.2,4.5,3.7,4.4,3,4,4.3,3.2
49,4.1,4.7,3.6,3.3,4.3,3.9,4.1,4.3,5,4.4,4.7,4.3,2.9,5.7,3.9,4.9,4.9,3.5,2.9,4.1,4.4,4,4.1,5,3.9,4.1,3.2,3.9,4.5,2.8
50,4.3,4.2,4.3,3.6,5.3,4,4.3,4.3,4.6,4.5,4.5,4.5,2.9,5.8,4.3,5.6,4.6,3.5,3.1,3.7,4.8,4.1,4.3,5.4,4,3.6,3.4,4,4.8,3.5
51,4.3,4.4,4.1,3.7,4.7,4.1,4.3,4.8,4.5,4.9,5.1,4.3,2.7,5.7,4.3,5.4,4.5,3.6,3.5,3.7,4.9,3.9,4.7,5.9,3.7,3.7,3.7,4.4,4.7,3.5
52,4.2,4.6,3.9,3.6,4.7,3.9,4.2,4.9,4.3,5.1,5.7,4.2,2.9,6.1,3.9,5.4,4,3.8,3.5,3.5,4.9,3.3,4.2,5.7,3.5,3.9,3.2,4.6,4.7,3.7
53,4.3,4.6,4,3.9,4.5,3.9,4.5,4.8,4,5.3,5.7,4.6,3.1,6.1,4,5.2,3.6,3.6,3.7,2.9,4.7,3.1,4.3,5.1,3.4,3.7,2.9,4.5,4.7,3.8
54,4.7,4.6,4,4,4.5,3.7,4.3,4.5,3.7,5.8,5.7,4.8,3.2,5.9,4.2,5.3,3.9,3.5,3.9,2.6,4.5,3.1,3.9,5.2,3.3,3.6,2.9,4.9,4.7,3.9
55,4.7,4.2,4.6,4.5,4.1,3.9,4.6,4.9,3.6,5.6,5.9,5.3,3.3,6.2,4.2,4.7,4.3,3.4,4.1,2.5,4.4,2.9,3.9,5.1,3.7,3.4,3.2,4.6,5.5,3.9
56,4.7,4.5,5.2,4.3,4.7,4.2,4.3,4.7,2.7,5.7,5.9,5.6,3.5,6.2,4.5,4.7,4.9,3.7,4.5,2.6,4.1,2.7,3.6,5,3.7,2.5,3.4,4.3,4.5,3.5
57,4.8,4.6,5.1,4.5,4.8,4.1,4.4,4.5,2.9,5.3,6.5,5.8,3.5,6.6,4.2,4.4,4.8,3.5,4.5,2.9,4,2.6,3.6,4.8,3.2,2.7,3.2,4.1,4.6,4
58,4.9,4.5,5.2,4.5,4.7,4,4.1,4.1,3.3,5,6.8,5.3,3.5,6.3,4.6,4.4,4.7,3.1,4.2,3.2,4.1,3.1,3.3,4.6,3.1,2.6,4,3.9,5.1,4.6
59,4.7,4.2,4.9,4.7,4.9,4.1,4.1,4.1,3.4,4.6,6.2,5.3,3.6,6.8,4.5,4.3,5.1,3.1,4.2,3.5,4.1,2.8,3.3,5.2,3.2,2.5,3.9,3.5,4.3,4.1
60,3.6,4.1,5.1,4.9,5.1,4.5,4.7,4.1,3.4,4.9,5.9,4.7,3.7,6.6,4.8,4.3,5.3,3.5,4.4,3.8,4,2.8,3,5.1,3.5,2.4,4,3.6,4.1,4
61,2.9,4.2,4.9,5.1,5.3,4.3,4.7,3.9,3.6,4.6,5.5,4.5,4,7,4.9,4.1,5.3,3.5,4.3,4,4,2.5,3.2,5.1,3.8,2.3,4,3.6,4.2,3.9
62,2.9,4.3,4.9,4.8,5.7,4.4,4.5,4,3.2,5.1,5.2,5.3,4,7.3,4.4,4,5.2,3.5,4.5,4.3,4,2.5,3,4.6,3.7,2.2,4.3,3.6,4.2,3.7
63,3.1,4.1,5,4.3,5.6,4.5,4.2,3.8,3.1,5.3,5,5.2,4.3,6.8,4.3,4,5.5,3.5,4.5,3.9,3.9,2.3,2.9,3.9,3.9,2.5,4.5,3.5,3.9,4.2
64,3.1,3.9,4.5,4.1,5,4.6,4.1,3.9,3.3,5.1,5,5.3,4.6,6.6,4.3,3.4,5.7,3.9,4.5,4.1,4.1,2.1,2.5,4.3,3.6,2.6,4.5,3.4,3.7,3.7
65,3.2,4.5,4.7,3.9,5.4,4.5,4.1,3.4,3.5,4.7,4.8,5.2,4.8,6.5,4.3,3.8,5.7,4.2,4.1,4.8,3.9,2.1,2.1,3.9,3.5,2.5,5,3.1,4.1,3.5
66,3.6,4.5,4.9,4.6,5.2,4.6,4.3,4,3.4,4.4,4.5,5.3,4.3,6.1,4.7,3.7,5.7,4,4.1,4.7,4.5,2.6,2.3,4.1,3.5,2.9,4.9,3.9,4.1,3.4
67,4.3,4.2,5.1,4.7,5.8,4.7,4.3,4.4,3.3,3.9,4.9,4.9,4.2,5.9,4.6,3.7,5.6,3.9,4.5,5,4.5,2.5,2.2,4.3,3.5,3.4,5.2,3.9,4.3,3.9
68,4.2,4.3,5.4,4.7,5.9,4.9,4.5,4.7,3.4,3.4,5.1,4.8,4.5,5.5,4.8,3.7,5.7,3.9,4.7,4.9,5.5,2.9,2.5,4.2,3.6,3.3,5.3,3.3,4.1,3.7
69,4.5,4.3,5.7,4.5,5.9,4.8,4.2,4.5,3.5,3.7,5.1,4.5,4.5,5.3,5,4.4,5.3,3.6,4.5,5.2,5.9,2.9,2.4,4.3,3,3.5,5,3.4,4.1,3.9
70,4.1,4.1,5.3,4.6,5.6,4.9,4.6,4.7,3.5,3.7,5.1,4.3,4.7,5.5,4.7,4.5,4.9,3.5,4.1,5.2,6.1,3.5,2.4,4.1,2.7,3.8,5.1,3.9,5,4.3
71,3.9,4.1,5.5,4.9,5.8,4.7,4.8,5,3.2,3.4,4.6,3.9,4.6,5.3,4.7,4.3,4.8,3.5,3.9,4.9,6.5,3.6,2.4,4.4,3.4,3.3,5.2,3.8,5.1,4
72,4.1,4.6,5.1,5.1,5.7,4.5,5.1,5.1,3.3,3.8,4.4,4,4.7,5,4.6,3.9,4.7,3.9,3.7,4.7,6.1,3.1,2.5,4.5,3.1,4.1,5.3,3.8,4.8,3.4
73,4.1,4.8,5.2,4.8,5.7,4.4,5.1,5.3,3.1,3.7,4.5,3.7,4.8,4.9,4.3,3.9,4.3,3.8,3.5,4.9,5.8,3.5,3.1,4.1,3.1,4.1,5.4,4.5,5.1,4
74,4.1,4.9,4.8,4.7,5.3,4.2,4.9,5.9,3.3,4.1,4.7,4,4.6,5,4.2,4.1,4.3,3.5,3.4,4.7,5.9,3.7,3.6,4,2.9,4.1,5.5,4.7,5.7,4
75,4.3,5.1,4.9,4.2,5.6,4.7,4.7,6.2,3.1,4.3,4.5,4,4.5,4.2,4.1,4.3,4.4,3.6,3.9,5,5.9,3.7,3.1,4,2.9,4.3,5.6,4.8,5.8,3.9
76,4.7,4.9,5.7,4.5,5.1,5,4.6,6.5,3.5,3.6,4.8,3.3,4.7,3.4,4.4,4.5,4.5,3.8,3.7,4.9,6.1,3.9,3.5,4,3,4.1,5.3,4.9,5.9,4
77,4.4,4.9,5.5,4.3,5.5,4.5,4.7,6.4,4,3.6,4.9,3.2,4.1,3.3,4.4,5.5,4.5,4,3.7,5.3,5.7,4.1,3.4,4.2,2.9,4.3,5.3,5.2,5.6,3.7
78,4.7,5.1,5.5,4.4,5.1,4.3,5.1,6.6,3.9,3.7,5.1,3.4,3.7,3.7,3.9,5.8,4.5,3.7,3.6,5.3,5.3,4,3.6,3.8,3.2,4.7,5.3,5.5,5.6,3.7
79,4.9,4.2,5.1,4.8,4.9,4.1,5.1,6.4,3.5,3.8,5.1,3.7,3.5,4.1,4.1,6,4.4,3.3,3.9,4.5,5,4.1,3.8,3.8,3.8,5.5,4.9,5.7,5.7,4.1
80,4.7,4.4,4.8,4.5,4.8,4,5.1,5.7,3.7,3.9,4.8,3.7,3.1,3.7,4,6.4,4.8,3.1,3.9,4.5,4.8,3.7,3.8,3.5,4.1,5.1,5.9,4.5,5.7,4
81,4,4.3,4.4,4.3,4.7,3.9,4.9,5.5,4.1,4.1,4.1,3.4,3.1,3.5,4.3,6.5,5,3.2,3.7,5.8,5.1,4.1,3.9,3.9,4.1,4.9,6,4.3,5.7,3.5
82,3.9,4.5,4.9,4.4,4.6,4.1,5.4,5.5,3.9,4.2,3.7,3.3,2.6,3.6,4.1,6.3,4.5,3.5,3.6,6.1,4.7,4,3.9,4,4.3,5,5.9,4.6,5.8,3.6
83,3.9,4.7,4.3,4.2,4.8,4.1,5.5,5.3,4.1,3.8,3.7,3.3,2.5,3.7,3.8,6.1,4.5,3.5,3.7,6.1,4.3,4.1,4,3.8,4.5,4.9,5.9,4.9,5.3,3.6
84,4.1,4.9,4.5,4.2,4.7,3.7,5.1,5.1,4.4,3.9,3.5,3.5,2.3,3.6,3.5,5.9,4.4,3.9,4.1,5.9,4.1,3.7,4,4,4.7,5,5.6,4.5,4.5,3.3
85,4.1,5.2,4.5,3.7,4.1,4,5.1,4.8,4.5,4.1,3.6,3.7,2.5,3.9,3.6,5.8,4.3,4,3.9,5.9,3.8,3.9,4.4,3.9,4.7,5,5.6,5.4,4.4,3.1
86,3.9,5.1,4.6,3.6,4.9,4,4.9,4.7,4.3,4.1,3.7,3.4,2.3,3.9,3.7,5.9,4.4,3.9,3.8,6.2,4.2,3.9,4.4,3.9,4.6,4.2,4.9,5.4,4.3,3.1
87,4.3,4.7,4.6,3.8,5.2,3.8,5.1,4.5,4.3,4.2,3.5,3.7,1.7,3.5,3.9,5.9,4.2,4.2,3.7,5.7,4.1,4.3,4.1,3.9,4.4,4.4,4.8,4.6,4.2,2.7
88,4.3,4.7,4.7,3.5,5.3,3.9,4.8,4.1,4.4,4.1,3.9,3.5,1.9,3.7,4.3,5.7,3.9,4,4.3,5.7,4.5,4.1,3.9,4.2,4.3,4.3,4.8,4.3,3.5,3.3
89,4.4,4.3,4.5,3.7,4.9,3.7,4.9,3.7,4.6,3.9,3.9,3.5,1.8,4.2,4.5,5.4,3.5,3.9,4.1,5.3,4.7,4.1,4.2,4.6,3.9,4.1,5.1,4.7,3.9,3.7
90,4.4,4.9,4.1,3.5,4.7,3.8,5.2,3.2,4.2,4,3.4,4.1,1.9,4.9,4.3,5.8,3.7,3.9,4,5.2,5.1,4.1,3.7,4.8,4.3,4.2,5.3,4.5,3.6,3.9
91,4.4,5.3,4,3.7,4.5,3.9,6.1,3.5,3.7,3.9,3.1,4.2,2.1,5.5,4.7,4.3,3.8,3.9,4.4,5.1,5.7,3.8,3.9,5,4.1,4.1,4.9,4.5,3.7,3.5
92,4.3,5.4,3.9,3.5,4.8,4.1,5.9,3.6,3.5,4.1,2.7,3.8,2.3,5.4,4.9,4.2,4.1,4.1,4.5,5.1,5.6,4.1,3.8,4.9,4.1,3.7,5.1,4.3,4.5,3.5
93,4.1,5.6,4,3.8,4.7,4.3,6,3.5,4.1,3.9,2.5,3.5,2.5,5.1,4.7,4.1,4.7,3.8,4.3,5.3,5.7,4,3.9,5.1,3.6,2.9,4.9,4.5,4.5,3.1
94,3.9,5.3,4.1,4.1,5.5,4.6,5.8,3.8,3.9,3.9,3.2,3.7,2.7,5.3,5,4.3,4.3,4.3,5.1,5.5,5.3,4.1,4,5.4,3.7,2.9,3.9,4.4,4.5,3.4
95,4.1,5.3,4.1,4,4.9,4.7,5.7,3.5,3.7,3.7,3.3,3.7,2.8,5.6,4.8,4,4.4,4.3,4.8,4.1,5.2,3.9,4.2,5.1,3.7,2.8,3.9,4.7,4.8,3.5
96,4,5,3.5,3.9,4.7,4.7,5.1,3.1,3.5,3.9,3.5,3.9,2.7,5.5,4.6,4.3,4.5,4,4.9,3.9,4.9,3.7,3.9,5.3,3.6,2.7,4.2,4.8,5.1,3.6
97,4,5.3,3.1,4.1,5.1,4.6,4.9,3.5,3.3,4.3,3.5,3.9,2.7,5.2,4.6,4,4.2,4,5.5,4,4.9,3.9,4.1,5.9,3.3,2.7,4.4,4.9,5.1,3.7
98,3.9,5.8,3.1,3.9,5,4.5,5.1,3.7,3.3,4.3,3.5,4.3,2.5,5.2,4.7,4.2,4.5,3.8,5.3,4.2,5.1,4,4.4,6.3,3.1,2.5,4.4,5.3,5.2,3.6
99,3.7,5.7,2.7,4.1,5.2,4.6,4.7,4.2,3.5,4.4,3.3,4.4,2.5,5.1,4.7,4.5,4.7,3.5,6.2,4.3,4.9,3.9,3.9,6.1,2.6,2.5,4.4,4.5,5.3,3.7
100,3.8,5.7,2.6,4.1,5,4.6,4.7,4.7,3.5,3.9,3.3,4.5,2.8,5.1,4.5,4.5,4.9,3.3,6.1,4.3,4.8,4,3.9,5.9,2.6,3,4.5,4.7,4.9,4.1
101,3.3,6.1,2.8,4.3,4.8,4.7,4.5,4.7,3.3,4.1,3.1,4.6,2.8,5.3,4.5,4.9,5.2,3.3,6,4.3,5.1,3.8,3.7,5.7,2.6,2.9,4.2,4.8,4.7,4.1
102,3.3,6.5,2.7,4.8,4.7,4.4,5,4.4,3.2,3.6,2.7,5.5,2.5,5,3.9,4.8,5.7,3.4,5.2,4.5,5.2,3.9,3.5,5.7,2.8,3.1,4.3,5.3,4.8,3.9
103,3.2,7.1,4,5.1,4.5,4.3,5,4.9,3.1,4.3,3.1,5.7,2.9,5,3.7,5.1,5.7,3.9,5,4.7,5.9,4.4,3.2,5.9,3.7,3.3,3.9,4.7,4.1,3.9
104,3,6.1,3.8,5.1,4.9,4.2,5,5.2,3.5,4.2,3.1,5.5,2.8,4.3,3.6,4.7,5.3,3.9,5.3,4.5,5.3,4.5,3.3,5.9,3.3,3.2,3.7,4.9,4.5,4.3
105,2.9,5.9,4.3,5.1,4.9,4.5,4.1,5,3.7,4.3,3.2,5.5,2.9,4.1,3.6,5.7,5.1,4,4.8,4.3,5.1,4.5,3.7,5.5,3.1,3.1,3.9,5.3,4.7,4.6
106,2.7,5.9,5.1,5.3,4.7,4.3,4.1,4.6,3.8,4.3,3.2,5.5,2.7,3.8,3.5,5.5,5.3,3.9,4.9,4.1,5.2,4.3,3.8,5.7,2.9,3.4,4.3,5.4,3.8,4.7
107,2.7,6.4,5.2,4.6,4.5,4.1,3.9,5.1,3.4,4.9,3.2,5.5,2.5,3.7,3.5,5.2,4.7,4.1,5.3,3.9,5.2,4.7,3.5,6.2,3,3.3,4.5,5.7,3.5,4.8
108,2.5,6.8,5.3,4.3,3.9,4.2,3.9,4.8,3.6,4.9,3,5.1,2.9,3.9,3.2,4.9,4.8,3.9,4.9,4.2,5.2,4.5,3.5,5.9,2.5,3.5,4.5,5.7,3.3,4.4
109,2.4,7.1,5.1,4.4,4.1,4.2,3.6,5,3.7,5,3.1,5.4,2.8,4.4,3.5,5.2,4.4,4.1,5.3,4.3,5.1,4.5,3.2,5.6,2.6,3.2,4.5,6.1,2.9,4.7
110,2.3,7.2,5,4.9,4.1,4,4,5.3,4.2,4.7,3.6,5.3,3.5,5.2,3.5,4.9,4.5,4.3,5.3,4,4.9,4.4,3.5,5.5,2.7,3.2,4.3,5.8,2.7,4.5
111,2.4,7.1,5.3,5,3.7,3.7,4.2,5.1,4.3,4.6,3.4,5.4,3.7,5.1,3.4,5,4.5,4.1,4.6,3.8,5.4,4.3,3.3,5.2,2.7,3.3,4.4,5.6,2.9,4.5
112,2.8,6.9,5.1,5.3,3.7,4.3,3.7,4.8,3.9,5.1,3.3,4.7,3.9,4.9,3.7,4.8,4.5,4.1,4.4,3.7,5.5,4.1,3,4.9,2.9,3.5,4.4,5.3,2.6,4.6
113,3.5,6.5,5.7,5.1,3.9,4.5,3.9,4.3,3.7,5.1,3.1,4.5,3.9,4.9,3.7,4.6,4.3,4.3,3.7,3.7,5.7,4.3,3.1,4.9,3,3.5,4.5,5.2,2.7,4.4
114,3.5,6.4,6.3,5.3,3.3,4.5,4.1,3.9,3.9,5.3,3.7,4.3,3.9,4.9,3.9,4.6,4,4.5,4.5,3.5,5.7,4.3,3.3,5,3.1,3.1,4.1,5.1,3.1,3.9
115,3.6,6.3,6.1,5.5,3.3,4.4,3.9,3.7,4.5,5.3,4.1,4.3,4.1,4.9,3.9,4.3,3.9,4.3,4.7,3.5,5.3,4.7,3.5,4.9,3.8,3,4.3,5.3,3.5,4
116,4,6,6.7,5.1,3.3,4.7,3.4,4.4,4.5,5.5,4,3.3,4.2,5,4.3,4.4,3.7,4.7,4.9,3.2,4.7,4.5,3.9,4.9,3.6,2.7,4.3,4.8,3.8,4.1
117,4.1,6.1,5.6,4.7,3.5,4.6,3.2,4.9,4.5,5.1,3.6,3.1,4.5,4.6,4.2,4.3,3.4,4.3,4.9,2.8,3.8,4.1,4.8,4.5,2.7,2.7,4.4,5.2,4.2,3.7
118,4.2,6.5,5.9,4.9,3.1,4,2.9,4.6,4.2,5.1,4.2,2.7,4.6,4.8,4.3,4.2,3.4,4.1,4.9,3.1,3.9,4,5,4.1,2.9,3.3,4.7,5.1,4.3,3.1
119,4.5,6.8,5.7,5,3.1,3.7,2.7,5.3,4.2,5.2,4.6,3.1,4.4,4.4,3.9,3.6,3.2,3.9,4.9,3.1,3.7,4.1,4.4,4.1,3,3.2,4.7,4.5,4.8,2.9
120,4.4,6.3,4.7,4.9,3.5,3.4,2.5,5.2,4.1,4.9,4.8,3.3,4.7,4.3,3.9,3.7,2.9,4.1,5.1,3.4,4,4.9,4.3,3.7,3.1,3.1,4.1,4.3,5.1,2.7
121,4.5,5.7,4.6,5.1,4.1,3.5,3.1,5,4.4,5.1,4.8,3.9,4.7,4.6,3.8,3.7,3,3.9,5,3.6,4.2,4.3,4.5,3.1,3.3,3.4,4.1,3.9,5.2,2.8
122,5.1,5.5,4.6,4.9,4.4,3.3,3.3,4.9,4.5,4.9,4.5,4.4,4.3,4.3,4,3.2,3.1,4.2,4.8,3.3,3.9,4.7,4.5,3.8,3.6,3.7,4.1,3.9,5.2,3.5
123,4.9,5.7,4.9,4.9,4.7,3.3,4.3,5.3,4.6,4.7,4.5,4.6,4.7,3.7,3.9,3.3,3.1,4.1,4.7,3.1,3.9,4.5,4.8,4.1,3.7,3.9,4.1,3.6,5.2,3.1
124,5.3,5.7,5.3,4.3,4.9,3.5,3.9,4.9,4.2,4.5,3.9,4.3,4.3,3.5,4.4,3.4,3.1,4.2,4.5,3.6,4.1,4.4,4.8,4.1,3.9,4.6,4.2,4,5.8,3.2
125,5.4,5.9,5.1,3.9,5.2,3.7,3.9,5,3.9,4.3,3.8,4.2,4.3,3.6,4.5,3.5,3.6,4.3,4.5,3.5,3.9,4.5,5.4,3.9,4.3,4.6,4.2,4.2,5.3,3.3
126,4.7,6.1,5.4,3.7,5.4,3.3,4.1,5.1,4.5,3.8,4,4.5,4.3,3.9,4.3,3.8,3.9,3.9,4.5,3.3,3.4,4.5,5.5,3.6,4.1,4.7,4.3,4.1,5.5,3.1
127,4.3,6,5.5,3.7,5.1,2.7,3.9,5.1,4.5,3.6,4.3,4.5,4.5,4.3,4.5,3.7,4.1,3.9,4.6,3.6,3.6,4.1,5.7,3.7,3.9,4.8,4.3,4.5,5.4,3.3
128,4.7,5.8,5.3,3.4,5.8,2.9,3.9,5,4.5,3.5,3.7,5.1,4.7,4,4.5,3.5,4.3,4,4,3.3,3.6,4.3,5.5,3.5,4.1,4.8,4.4,4.7,5.1,3.3
129,4.7,5.9,5,3.4,6.3,3.3,4.5,5.5,4.1,3.2,3.6,5.1,4.7,3.9,4.5,3.4,5,4.1,4.5,3.5,4.2,3.5,5.3,3.7,4,5.3,4.7,4.5,5,3.5
130,4.6,6.1,4.4,3.7,7.7,3.1,4.5,4.9,4.2,2.9,3.6,5.1,4.6,4.5,4.3,3.6,5.1,3.9,4.4,3.3,4.4,3.8,4.9,3.6,3.9,5.7,4.8,4.9,4.8,3.2
131,4.5,5.3,4.7,4,7.7,3.3,4.9,4.4,4.7,3.4,3.8,5.4,4.3,4.5,4.5,3.8,5.7,3.6,4.4,3.3,4.9,4.1,4.3,3.2,4.3,5.9,4.5,4.5,4.5,3.4
132,4.5,5.1,4.5,4,7.6,3.2,4.9,4.5,5.2,3.1,3.3,6,4.1,4.7,4.5,4.1,6,3.9,4.5,3.1,4.5,4.5,4.3,3.5,4.4,5.3,4.7,4.5,4.5,3.1
133,4.4,4.7,4.4,4,7.7,3.5,5,3.9,5.1,3.5,3.4,5.9,3.9,5.5,4.5,4.3,6.3,3.8,4.5,3.5,4.3,4.9,4.5,3.7,4.3,5.5,4.7,4.7,4.8,3.5
134,4.3,4.9,4.9,3.9,7.1,3.7,4.9,4.1,5.1,4.1,3.3,5.8,3.6,5.7,4.7,4.5,6.4,3.7,4.5,3.5,4.5,4.1,4.9,3.7,4.2,5.5,5.1,4.5,4.6,3.5
135,4.2,5.4,5.1,4.1,6.9,4,4.7,3.8,5.2,3.5,3.3,5.5,3.6,5.6,4.7,4.3,6.5,4.1,4.6,3.5,4.5,4.6,5,3.6,4.3,5.3,4.5,4.3,4.7,3.5
136,4.1,5.3,5.4,4.1,6.7,3.9,4.5,4.1,4.8,3.5,3.2,5,3.7,5.9,4.7,4.5,6.4,3.9,4.3,3.4,4.7,4.6,4.9,2.9,4.3,4.7,4.4,4.8,4.7,3.3
137,4.1,4.5,5.7,3.7,6.4,3.7,3.7,3.7,4.9,3.7,2.9,4.6,3.4,6.4,4.5,4.6,6.3,3.9,4.1,3.7,4.6,4.7,4.9,2.9,4.2,4.7,4.5,4.8,4.5,3.6
138,3.7,4.6,5.7,4,6.3,3.9,3.7,3.9,4.9,3.9,3.1,4.7,3.2,6.3,4.1,4.7,6.3,3.6,4.7,3.3,4.4,5.2,4.7,3,4.1,4.1,4.7,4.8,3.9,3.5
139,3.3,4,5.9,4.4,6,4.1,3.7,3.9,4.8,3.9,3.4,4.6,3.2,6.6,4.3,4.7,6.2,3.5,4.7,3.5,4.1,5.4,4.3,3.1,4.1,4.2,4.8,4.5,4.1,3.5
140,3.5,3.7,6.3,4.7,5.7,4.3,3.6,4.1,4.5,3.7,3.3,4.6,2.7,6.4,4.4,4.7,5.8,3.8,4.6,3.9,4.5,5.8,4.3,3,4.3,3.7,4.7,4.7,4.7,3.4
141,3.5,4.1,5.9,4.9,5.6,4.5,3.8,4.1,4.1,4.1,3.3,5.3,2.9,5.9,4.3,4.7,5.8,3.6,4.5,3.4,4.1,6.5,4.4,3.3,4.2,3.7,4.8,4.9,5.1,3.4
142,3,4.3,5.6,5.1,5.3,4.3,3.5,3.8,3.9,4.2,3.9,4.8,2.5,5.8,4,4.7,5.9,3.8,4.3,3.9,4,6.6,4.5,3.7,4.3,3.8,5,4.7,5.1,3.4
143,3.1,4.1,5.7,4.9,4.9,3.8,3.3,3.6,3.9,4.5,3.7,4.7,2.7,5.8,4.1,4.7,5.3,3.3,3.9,3.9,3.9,6.7,4.5,4,3.7,3.5,4.7,4.6,4.7,3.1
144,2.9,3.8,5.6,5,3.5,3.8,3.3,4,4,4.6,3.8,4.7,2.9,5.1,4.7,4.5,5.3,3.3,4,3.9,3.8,6.7,4.7,4.6,4.1,3.1,4.6,4.7,4.5,3
145,2.8,4.2,5.4,4.9,3.4,3.8,2.9,3.9,4,4.1,4.1,4.4,2.5,5,4.7,4.7,4.7,3.2,4.3,4.5,3.3,6.2,4.5,4.7,3.9,2.8,4.7,4.8,4.5,3
146,3,4.2,5.5,4.9,3.5,4.2,3.5,4.1,3.4,4.5,4.3,3.7,2.9,4.7,4.7,4.9,4.7,3.2,4.6,4.6,3.5,5.7,4.7,4.4,3.5,3.6,4.5,4.9,4.3,3.1
147,3.1,4.3,5.5,4.8,3.5,4.2,3.3,4.5,4,4.4,3.8,3.8,3.2,4.3,4.5,4.9,4.5,3.5,4.5,4,3.9,5.5,4.6,4.3,4.1,3.5,4.2,4.9,3.5,2.5
148,3.1,4.7,5.3,4.8,4,4.3,3.5,4.3,3.9,3.8,3.8,3.7,3.7,4.7,4.5,5.1,4.3,4,4.2,3.7,3.5,5.6,4.5,4.6,4.5,3.5,3.9,5.3,3.3,2.7